doc_type,source,summary,summary_revised
Technische FAQ BEG,Technische FAQ BEG EM_5 (2023-03-13).pdf,"Title: Bundesförderung für effiziente Gebäude – Technische FAQ – Einzelmaßnahmen (BEG EM) Version 5.0
Type: Technical FAQ Document
Target Audience: Energy efficiency experts, construction professionals, and contractors working on energy-efficient building projects under the German BEG program.
Purpose: To clarify frequently asked technical questions and address common errors in documentation related to energy-efficient building measures. It consolidates minimum requirements and relevant regulatory standards for Einzelmaßnahmen (individual measures) under the BEG EM program.
Scope: Covers guidelines for mixed-use buildings, specific requirements for residential and non-residential buildings, technical specifications for thermal insulation, heating, cooling, ventilation systems, and building envelope components. It also includes updates on procedural changes, calculation methodologies, and applicable standards.
Relevance: This document is critical for ensuring compliance with regulatory and funding guidelines. It provides a reliable reference for assessing project eligibility, performing required energy assessments, and aligning with the German Building Energy Act (GEG) and associated standards.
Usage:
- Experts may use it to verify technical compliance during retrofitting or construction projects.
- Provides detailed methodologies for energy calculations, ensuring proper documentation for funding applications.
- Serves as a quick reference for resolving uncertainties or disputes related to project evaluations and technical requirements.","Overview: This document serves as a technical FAQ for the BEG EM program, addressing frequently asked questions and common errors related to energy-efficient building measures. It provides detailed guidance on minimum requirements, regulatory standards, and technical methodologies for implementing Einzelmaßnahmen (individual measures) in both residential and non-residential buildings.
Target Audience: Energy efficiency experts, planners, contractors, and regulatory officials involved in designing or verifying energy-efficient building projects under the German BEG program.
Utility: The document is a practical reference for ensuring compliance with technical and regulatory standards, verifying project eligibility, and preparing accurate documentation for funding applications.
Content Richness: Dense and highly detailed, with extensive coverage of technical specifications, methodologies, and regulatory requirements.
Relevance to Questions: Effective for answering technical queries related to building energy calculations, compliance criteria for funding, and procedural clarifications in the context of energy-efficient retrofitting or construction."
Richtlinie BEG EM,Richtlinie BEG EM (2023-12-21).pdf,"Title: Richtlinie für die Bundesförderung für effiziente Gebäude – Einzelmaßnahmen (BEG EM)
Type: Regulatory Guideline
Target Audience: Homeowners, contractors, municipalities, energy-efficiency experts, and organizations involved in building renovations or energy optimization projects.
Purpose: To establish the framework for funding individual measures that improve energy efficiency and increase the share of renewable energy usage in existing buildings, aligning with Germany’s climate protection goals.
Scope:
- Covers renovations such as insulation, window upgrades, and renewable energy systems.
 -Addresses building energy efficiency optimization, heating systems (e.g., heat pumps, solar installations), and technical system enhancements.
- Details eligibility criteria, application processes, and funding mechanisms, including bonuses for early compliance and social equity considerations.
Relevance: This directive plays a critical role in achieving Germany’s 2030 climate targets by incentivizing the reduction of greenhouse gas emissions in the building sector. It simplifies access to federal funding, fostering investments in energy-efficient technologies and promoting sustainable practices.
Usage:
- Experts may use this document to understand eligibility and compliance for funding applications.
- Municipalities and contractors can consult the guidelines to align projects with regulatory and funding requirements.
- Homeowners may reference it for planning and budgeting renovations that qualify for government subsidies.","Overview: This document outlines the guidelines for the Federal Funding for Efficient Buildings – Individual Measures (BEG EM), focusing on improving energy efficiency, increasing renewable energy use, and reducing greenhouse gas emissions in existing buildings through specific technical measures and financial incentives.
Target Audience: Architects, planners, building owners, energy consultants, and public officials involved in building renovations or energy optimization.
Utility: It provides detailed criteria, eligible measures, and procedural steps for applying for subsidies to optimize building energy performance or transition to renewable heating systems.
Content Richness: Highly detailed with comprehensive technical and procedural information, targeting professionals and stakeholders.
Relevance to Questions: Addresses queries about eligibility, funding levels, technical standards, and application processes for energy-efficient building measures."
Allgemeines Merkblatt zur Antragstellung,Allgemeines Merkblatt zur Antragstellung - Zuschuss_1.10 (2024-04-01).pdf,"Title: Allgemeines Merkblatt zur Antragstellung – Zuschuss (1.10, April 2024)
Type: General Guide
Target Audience: Property owners, contractors, companies, non-profits, municipalities, and other stakeholders applying for energy efficiency funding in Germany.
Purpose: This document provides an overview of the funding process under the “Federal Funding for Efficient Buildings – Individual Measures (BEG EM)” program. It explains eligibility, application steps, and technical requirements for improving building energy efficiency and reducing CO₂ emissions.
Scope: Covers eligibility criteria, roles of Energy Efficiency Experts, specific requirements for funding applications, technical guidelines for various energy measures, and a step-by-step description of the application and reimbursement process.
Relevance: The document is essential for ensuring compliance with funding regulations, understanding eligibility requirements, and streamlining the application process for stakeholders in the energy and construction sectors. It helps align applications with federal guidelines to secure funding.
Usage: Experts may use this guide to:
- Determine eligibility for funding specific energy measures.
- Identify the necessary documents and steps for application submission.
- Understand the roles of involved parties (e.g., Energy Efficiency Experts) and compliance requirements.
- Clarify post-application modifications and requirements for reimbursement.","Overview: This document outlines the application process for the “Federal Funding for Efficient Buildings – Individual Measures (BEG EM)” subsidy program. It covers eligibility, technical requirements, and procedural steps to apply for and claim funding aimed at improving building energy efficiency in Germany.
Target Audience: Property owners, contractors, energy consultants, municipalities, and organizations involved in energy-efficient renovations or installations.
Utility: Used to understand funding eligibility, determine necessary documentation, and follow step-by-step guidance for submitting applications and reimbursement claims.
Content Richness: Dense with details, including procedural steps, roles of stakeholders, and specific technical requirements.
Relevance to Questions: Answers queries about eligibility criteria, required documents, roles of Energy Efficiency Experts, procedural steps, and compliance with funding regulations."
FAQ BEG (EM und EH-EG),BMWK - FAQ BEG (2024-02-26).pdf,"Title: Antworten auf häufig gestellte Fragen zur BEG (FAQ)
Type: FAQ Document
Target Audience: Potential applicants for building subsidies under BEG, including homeowners, architects, energy efficiency experts, and contractors.
Purpose: To clarify the application, eligibility, and procedures related to the Federal Funding for Efficient Buildings (BEG) program, especially for ambiguous or borderline cases.
Scope: Covers general questions, application procedures, funding conditions, specific measures like heating systems and building networks, integration with other subsidies, and technical aspects such as sustainability seals and energy efficiency requirements.
Relevance: This document is essential for understanding the scope and application of BEG funding, ensuring compliance with regulatory standards, and optimizing applications for energy-efficient building projects.
Usage: Experts can use this document to resolve queries regarding subsidy application steps, eligibility for specific measures, and combinations with other funding programs. It also serves as a reference for technical and procedural clarifications.","Overview: This document answers frequently asked questions about the Federal Funding for Efficient Buildings (BEG) program, focusing on eligibility criteria, funding details, and procedural guidelines for implementing energy efficiency and heating system upgrades in Germany.
Target Audience: Energy consultants, homeowners, architects, and regulatory officials seeking to understand or apply for BEG funding.
Utility: Used to clarify eligibility and funding opportunities, navigate application processes, and understand requirements for energy-efficient building projects.
Content Richness: Dense with detailed information and technical specifics, including funding percentages, bonus criteria, and application steps.
Relevance to Questions: Suitable for addressing inquiries about funding eligibility, the application timeline, required documentation, and the specifics of energy-efficient measures such as heating system upgrades and building envelope improvements."
Infoblätter förderfähigen Kosten,BEG Infoblatt förderfähigen Kosten_9 (01.01.2024).pdf,"Title: BEG Infoblatt zu den förderfähigen Kosten - Version 9.0
Type: Guideline Document
Target Audience: Energy efficiency experts, building professionals, and applicants seeking funding for energy-efficient building renovations under Germany’s BEG program.
Purpose: Provides detailed guidelines on the eligible costs for funding through the “Bundesförderung für effiziente Gebäude” (BEG) program, specifically for renovation projects aimed at improving energy efficiency and integrating renewable energy systems.
Scope: Covers all aspects of energy-efficient building renovation, including eligible measures for building envelopes, heating systems, technical systems, and renewable energy installations. It outlines key requirements, limitations, and compliance expectations tied to technical minimum standards.
Relevance: Central for ensuring compliance with BEG funding requirements, this document is a critical tool for aligning project planning with federal subsidy guidelines. It facilitates accurate cost estimation, application processing, and audit readiness.
Usage: Experts and applicants use this document to:
- Identify eligible renovation measures and associated costs.
- Ensure compliance with technical minimum standards during project planning and execution.
- Calculate maximum fundable costs for residential and non-residential buildings.
- Prepare and validate documentation required for funding applications and audits.","Overview: This document outlines eligible measures and costs for funding under the “Bundesförderung für effiziente Gebäude” (BEG) program, specifically for energy-efficient renovations of buildings in Germany. It includes technical requirements, funding criteria, and detailed guidelines for cost allocation.
Target Audience: Architects, energy consultants, planners, and contractors working on energy-efficient building renovations and retrofitting.
Utility: It serves as a reference for determining eligible costs during application and verification stages of BEG funding, ensuring compliance with technical standards and maximizing funding opportunities.
Content Richness: Moderately detailed, providing comprehensive technical and procedural guidance with examples of eligible and non-eligible measures.
Relevance to Questions: Useful for queries about technical requirements for renovations, eligibility of specific costs or measures, and procedural steps for funding applications."
Liste förderfähigen Anlagen - Wärmepumpen,BEG EM Liste förderfähigen WP (2024-04-01).pdf,"Title: List of Eligible Heat Pumps with Efficiency Certification
Type: Regulatory List
Target Audience: Professionals and stakeholders in building efficiency, regulatory compliance, and funding applications, including manufacturers, contractors, and consultants.
Purpose: To provide a comprehensive listing of heat pumps meeting efficiency requirements for subsidies under the German Federal Funding for Efficient Buildings – Individual Measures (BEG EM) program.
Scope:
- Efficiency benchmarks for heat pumps using water, air, or other sources.
- Testing and certification requirements per ISO 17025 standards.
- Guidelines for simplified application procedures for specific systems like air-to-air heat pumps.
- Noise emission and digital communication interface standards.
- Supplemental bonuses for sustainable refrigerants and system efficiency.
- Detailed tables listing individual models, performance metrics, and regulatory compliance statuses.
Relevance: This document is critical for ensuring compliance with subsidy requirements, evaluating eligible heat pump systems, and aligning with Germany’s energy efficiency goals. It facilitates informed decisions for funding applications and adherence to technical standards.
Usage: Experts may use this document to:
- Verify if a specific heat pump model qualifies for BEG EM funding.
- Consult efficiency, refrigerant type, and noise compliance details for project planning.
- Streamline subsidy applications with proper documentation of listed and certified devices.
- Assess systems for potential retrofitting to meet regulatory demands.","Overview: This document provides a comprehensive list of heat pumps eligible for subsidies under the German BEG EM program, detailing technical specifications, efficiency benchmarks, and compliance requirements for certification.
Target Audience: Energy consultants, architects, planners, regulatory officials, and manufacturers involved in energy-efficient building projects or subsidy applications.
Utility: Experts use this document to verify heat pump eligibility, understand technical and efficiency standards, and facilitate subsidy applications by providing necessary compliance data.
Content Richness: Dense and detailed, including extensive technical data, regulatory guidelines, and model-specific performance metrics.
Relevance to Questions: Answers queries about eligible heat pump models, efficiency and noise benchmarks, application procedures, and specific technical requirements for subsidy compliance."
Förderübersicht BEG EM,Förderübersicht BEG EM (2024-01-01).pdf,"Title: Förderübersicht: Bundesförderung für effiziente Gebäude – Einzelmaßnahmen (BEG EM)
Type: Overview/Guideline
Target Audience: Homeowners, construction planners, and energy consultants focused on energy efficiency upgrades and renewable heating systems in Germany.
Purpose: This document outlines the specific funding percentages and eligibility criteria for various single measures aimed at improving energy efficiency in buildings under the BEG EM program.
Scope: It covers funding rates for building envelope upgrades, heating systems (solar, biomass, heat pumps, etc.), and planning/built supervision. Bonuses for specific circumstances like income or climate urgency are also detailed.
Relevance: Essential for stakeholders in regulatory compliance and green building funding schemes, ensuring eligibility and optimal funding utilization for sustainable construction and renovation.
Usage: Experts can reference this document to identify applicable funding schemes for specific measures (e.g., heat pump installations), calculate potential bonuses, and plan project budgets aligned with BEG EM funding criteria.","Overview: This document outlines funding options under the BEG EM scheme, including percentages for various energy efficiency measures, eligibility bonuses, and conditions for sustainable building upgrades.
Target Audience: Homeowners, energy consultants, planners, and professionals involved in energy-efficient construction and renovation projects.
Utility: Serves as a quick reference for identifying funding percentages, applicable bonuses, and eligibility criteria for individual building measures before diving into more detailed regulations.
Content Richness: Overview-oriented, providing clear and concise funding breakdowns without delving into technical specifics.
Relevance to Questions: Answers queries about funding rates, types of measures supported, and criteria for receiving bonuses under the BEG EM program."
Liste förderfähigen Anlagen - Biomasse,BEG EM Liste förderfähigen Biomasse (2024-01-01).pdf,"Title: List of Eligible Biomass Systems for Federal Funding – Efficient Buildings (BEG EM) as of January 1, 2024
Type: Technical Guideline
Target Audience: Installers, manufacturers, and stakeholders involved in energy-efficient building projects and renewable energy adoption.
Purpose: To provide an official reference list of biomass systems eligible for federal funding under the BEG EM program. It ensures compliance with efficiency, emissions, and installation standards for funding eligibility.
Scope: Includes detailed specifications for each eligible biomass system, such as manufacturer, model, efficiency levels, emission outputs, and power capacity. Highlights mandatory requirements like installing a heat meter for funding approval.
Relevance: This document is crucial for ensuring compliance with the regulatory requirements for federal subsidies, guiding stakeholders in selecting approved biomass systems, and supporting the implementation of sustainable energy solutions in buildings.
Usage:
- For Installers: Ensures installations meet funding prerequisites, particularly with heat meter certification.
- For Manufacturers: Provides benchmarks for compliance with federal regulations.
- For Planners and Experts: Assists in recommending or approving systems for projects aligned with energy efficiency and sustainability goals.","Overview: This document is a detailed list of biomass systems eligible for federal funding under the BEG EM scheme, providing technical specifications, compliance criteria, and mandatory installation requirements for funding approval.
Target Audience: Installers, manufacturers, energy consultants, and regulatory officials involved in energy-efficient building projects.
Utility: Helps stakeholders identify compliant biomass systems, ensure installations meet funding requirements (e.g., heat meter certification), and verify technical performance metrics such as efficiency and emissions.
Content Richness: Dense with technical details, including system specifications, performance data, and regulatory compliance guidelines.
Relevance to Questions: Answers specific queries about eligible biomass systems, technical and installation requirements, and compliance standards for funding eligibility."